"","gene","importance","pvalue","qvalue"
"1","mmu00190",51.6713463233354,0,0
"2","mmu00240",28.305784752657,0,0
"3","mmu00360",25.040527039579,0,0
"4","mmu00350",21.8428838636249,0,0
"5","mmu00260",15.9859762915294,0,0
"6","mmu00010",15.4115873263416,0,0
"7","mmu00020",12.9468248426582,0,0
"8","mmu00983",7.30820237218502,0,0
"9","mmu00750",6.79117285066889,0,0
"10","mmu00230",6.41979159386147,0,0
"11","mmu00910",4.36424009596631,0.00581395348837209,0.0454545454545455
